Liebe(r) Mitabeiter(in), am 06.01.19ist Heilige Drei Könige

...sende bitte die Grußkarten am 03.01.19 ab, damit sie rechtzeitig ankommen.

______________________________________________________________________________________

Liebe(r) Steven King!


Am 06.01.19 ist Heilige Drei Könige.

Aus diesem Anlass senden wir Ihnen die unsere herzlichsten Grüße und wünschen frohe Festtage.

Auf ein Wiedersehen in alter Frische freut sich Ihr Hugo Habicht.

; $

Liebe(r) Neena Kochhar!


Am 06.01.19 ist Heilige Drei Könige.

Aus diesem Anlass senden wir Ihnen die unsere herzlichsten Grüße und wünschen frohe Festtage.

Auf ein Wiedersehen in alter Frische freut sich Ihr Hugo Habicht.

; $

Liebe(r) Lex De Haan!


Am 06.01.19 ist Heilige Drei Könige.

Aus diesem Anlass senden wir Ihnen die unsere herzlichsten Grüße und wünschen frohe Festtage.

Auf ein Wiedersehen in alter Frische freut sich Ihr Hugo Habicht.

; $

Liebe(r) Alexander Hunold!


Am 06.01.19 ist Heilige Drei Könige.

Aus diesem Anlass senden wir Ihnen die unsere herzlichsten Grüße und wünschen frohe Festtage.

Auf ein Wiedersehen in alter Frische freut sich Ihr Hugo Habicht.

; $

Liebe(r) Bruce Ernst!


Am 06.01.19 ist Heilige Drei Könige.

Aus diesem Anlass senden wir Ihnen die unsere herzlichsten Grüße und wünschen frohe Festtage.

Auf ein Wiedersehen in alter Frische freut sich Ihr Hugo Habicht.

; $

Liebe(r) David Austin!


Am 06.01.19 ist Heilige Drei Könige.

Aus diesem Anlass senden wir Ihnen die unsere herzlichsten Grüße und wünschen frohe Festtage.

Auf ein Wiedersehen in alter Frische freut sich Ihr Hugo Habicht.

; $

Liebe(r) Valli Pataballa!


Am 06.01.19 ist Heilige Drei Könige.

Aus diesem Anlass senden wir Ihnen die unsere herzlichsten Grüße und wünschen frohe Festtage.

Auf ein Wiedersehen in alter Frische freut sich Ihr Hugo Habicht.

; $

Liebe(r) Diana Lorentz!


Am 06.01.19 ist Heilige Drei Könige.

Aus diesem Anlass senden wir Ihnen die unsere herzlichsten Grüße und wünschen frohe Festtage.

Auf ein Wiedersehen in alter Frische freut sich Ihr Hugo Habicht.

; $

Liebe(r) Nancy Greenberg!


Am 06.01.19 ist Heilige Drei Könige.

Aus diesem Anlass senden wir Ihnen die unsere herzlichsten Grüße und wünschen frohe Festtage.

Auf ein Wiedersehen in alter Frische freut sich Ihr Hugo Habicht.

; $

Liebe(r) Daniel Faviet!


Am 06.01.19 ist Heilige Drei Könige.

Aus diesem Anlass senden wir Ihnen die unsere herzlichsten Grüße und wünschen frohe Festtage.

Auf ein Wiedersehen in alter Frische freut sich Ihr Hugo Habicht.

; $

Liebe(r) John Chen!


Am 06.01.19 ist Heilige Drei Könige.

Aus diesem Anlass senden wir Ihnen die unsere herzlichsten Grüße und wünschen frohe Festtage.

Auf ein Wiedersehen in alter Frische freut sich Ihr Hugo Habicht.

; $

Liebe(r) Ismael Sciarra!


Am 06.01.19 ist Heilige Drei Könige.

Aus diesem Anlass senden wir Ihnen die unsere herzlichsten Grüße und wünschen frohe Festtage.

Auf ein Wiedersehen in alter Frische freut sich Ihr Hugo Habicht.

; $

Liebe(r) Jose Manuel Urman!


Am 06.01.19 ist Heilige Drei Könige.

Aus diesem Anlass senden wir Ihnen die unsere herzlichsten Grüße und wünschen frohe Festtage.

Auf ein Wiedersehen in alter Frische freut sich Ihr Hugo Habicht.

; $

Liebe(r) Luis Popp!


Am 06.01.19 ist Heilige Drei Könige.

Aus diesem Anlass senden wir Ihnen die unsere herzlichsten Grüße und wünschen frohe Festtage.

Auf ein Wiedersehen in alter Frische freut sich Ihr Hugo Habicht.

; $

Liebe(r) Den Raphaely!


Am 06.01.19 ist Heilige Drei Könige.

Aus diesem Anlass senden wir Ihnen die unsere herzlichsten Grüße und wünschen frohe Festtage.

Auf ein Wiedersehen in alter Frische freut sich Ihr Hugo Habicht.

; $

Liebe(r) Alexander Khoo!


Am 06.01.19 ist Heilige Drei Könige.

Aus diesem Anlass senden wir Ihnen die unsere herzlichsten Grüße und wünschen frohe Festtage.

Auf ein Wiedersehen in alter Frische freut sich Ihr Hugo Habicht.

; $

Liebe(r) Shelli Baida!


Am 06.01.19 ist Heilige Drei Könige.

Aus diesem Anlass senden wir Ihnen die unsere herzlichsten Grüße und wünschen frohe Festtage.

Auf ein Wiedersehen in alter Frische freut sich Ihr Hugo Habicht.

; $

Liebe(r) Sigal Tobias!


Am 06.01.19 ist Heilige Drei Könige.

Aus diesem Anlass senden wir Ihnen die unsere herzlichsten Grüße und wünschen frohe Festtage.

Auf ein Wiedersehen in alter Frische freut sich Ihr Hugo Habicht.

; $

Liebe(r) Guy Himuro!


Am 06.01.19 ist Heilige Drei Könige.

Aus diesem Anlass senden wir Ihnen die unsere herzlichsten Grüße und wünschen frohe Festtage.

Auf ein Wiedersehen in alter Frische freut sich Ihr Hugo Habicht.

; $

Liebe(r) Karen Colmenares!


Am 06.01.19 ist Heilige Drei Könige.

Aus diesem Anlass senden wir Ihnen die unsere herzlichsten Grüße und wünschen frohe Festtage.

Auf ein Wiedersehen in alter Frische freut sich Ihr Hugo Habicht.

; $

Liebe(r) Matthew Weiss!


Am 06.01.19 ist Heilige Drei Könige.

Aus diesem Anlass senden wir Ihnen die unsere herzlichsten Grüße und wünschen frohe Festtage.

Auf ein Wiedersehen in alter Frische freut sich Ihr Hugo Habicht.

; $

Liebe(r) Adam Fripp!


Am 06.01.19 ist Heilige Drei Könige.

Aus diesem Anlass senden wir Ihnen die unsere herzlichsten Grüße und wünschen frohe Festtage.

Auf ein Wiedersehen in alter Frische freut sich Ihr Hugo Habicht.

; $

Liebe(r) Payam Kaufling!


Am 06.01.19 ist Heilige Drei Könige.

Aus diesem Anlass senden wir Ihnen die unsere herzlichsten Grüße und wünschen frohe Festtage.

Auf ein Wiedersehen in alter Frische freut sich Ihr Hugo Habicht.

; $

Liebe(r) Shanta Vollman!


Am 06.01.19 ist Heilige Drei Könige.

Aus diesem Anlass senden wir Ihnen die unsere herzlichsten Grüße und wünschen frohe Festtage.

Auf ein Wiedersehen in alter Frische freut sich Ihr Hugo Habicht.

; $

Liebe(r) Kevin Mourgos!


Am 06.01.19 ist Heilige Drei Könige.

Aus diesem Anlass senden wir Ihnen die unsere herzlichsten Grüße und wünschen frohe Festtage.

Auf ein Wiedersehen in alter Frische freut sich Ihr Hugo Habicht.

; $

Liebe(r) Julia Nayer!


Am 06.01.19 ist Heilige Drei Könige.

Aus diesem Anlass senden wir Ihnen die unsere herzlichsten Grüße und wünschen frohe Festtage.

Auf ein Wiedersehen in alter Frische freut sich Ihr Hugo Habicht.

; $

Liebe(r) Irene Mikkilineni!


Am 06.01.19 ist Heilige Drei Könige.

Aus diesem Anlass senden wir Ihnen die unsere herzlichsten Grüße und wünschen frohe Festtage.

Auf ein Wiedersehen in alter Frische freut sich Ihr Hugo Habicht.

; $

Liebe(r) James Landry!


Am 06.01.19 ist Heilige Drei Könige.

Aus diesem Anlass senden wir Ihnen die unsere herzlichsten Grüße und wünschen frohe Festtage.

Auf ein Wiedersehen in alter Frische freut sich Ihr Hugo Habicht.

; $

Liebe(r) Steven Markle!


Am 06.01.19 ist Heilige Drei Könige.

Aus diesem Anlass senden wir Ihnen die unsere herzlichsten Grüße und wünschen frohe Festtage.

Auf ein Wiedersehen in alter Frische freut sich Ihr Hugo Habicht.

; $

Liebe(r) Laura Bissot!


Am 06.01.19 ist Heilige Drei Könige.

Aus diesem Anlass senden wir Ihnen die unsere herzlichsten Grüße und wünschen frohe Festtage.

Auf ein Wiedersehen in alter Frische freut sich Ihr Hugo Habicht.

; $

Liebe(r) Mozhe Atkinson!


Am 06.01.19 ist Heilige Drei Könige.

Aus diesem Anlass senden wir Ihnen die unsere herzlichsten Grüße und wünschen frohe Festtage.

Auf ein Wiedersehen in alter Frische freut sich Ihr Hugo Habicht.

; $

Liebe(r) James Marlow!


Am 06.01.19 ist Heilige Drei Könige.

Aus diesem Anlass senden wir Ihnen die unsere herzlichsten Grüße und wünschen frohe Festtage.

Auf ein Wiedersehen in alter Frische freut sich Ihr Hugo Habicht.

; $

Liebe(r) TJ Olson!


Am 06.01.19 ist Heilige Drei Könige.

Aus diesem Anlass senden wir Ihnen die unsere herzlichsten Grüße und wünschen frohe Festtage.

Auf ein Wiedersehen in alter Frische freut sich Ihr Hugo Habicht.

; $

Liebe(r) Jason Mallin!


Am 06.01.19 ist Heilige Drei Könige.

Aus diesem Anlass senden wir Ihnen die unsere herzlichsten Grüße und wünschen frohe Festtage.

Auf ein Wiedersehen in alter Frische freut sich Ihr Hugo Habicht.

; $

Liebe(r) Michael Rogers!


Am 06.01.19 ist Heilige Drei Könige.

Aus diesem Anlass senden wir Ihnen die unsere herzlichsten Grüße und wünschen frohe Festtage.

Auf ein Wiedersehen in alter Frische freut sich Ihr Hugo Habicht.

; $

Liebe(r) Ki Gee!


Am 06.01.19 ist Heilige Drei Könige.

Aus diesem Anlass senden wir Ihnen die unsere herzlichsten Grüße und wünschen frohe Festtage.

Auf ein Wiedersehen in alter Frische freut sich Ihr Hugo Habicht.

; $

Liebe(r) Hazel Philtanker!


Am 06.01.19 ist Heilige Drei Könige.

Aus diesem Anlass senden wir Ihnen die unsere herzlichsten Grüße und wünschen frohe Festtage.

Auf ein Wiedersehen in alter Frische freut sich Ihr Hugo Habicht.

; $

Liebe(r) Renske Ladwig!


Am 06.01.19 ist Heilige Drei Könige.

Aus diesem Anlass senden wir Ihnen die unsere herzlichsten Grüße und wünschen frohe Festtage.

Auf ein Wiedersehen in alter Frische freut sich Ihr Hugo Habicht.

; $

Liebe(r) Stephen Stiles!


Am 06.01.19 ist Heilige Drei Könige.

Aus diesem Anlass senden wir Ihnen die unsere herzlichsten Grüße und wünschen frohe Festtage.

Auf ein Wiedersehen in alter Frische freut sich Ihr Hugo Habicht.

; $

Liebe(r) John Seo!


Am 06.01.19 ist Heilige Drei Könige.

Aus diesem Anlass senden wir Ihnen die unsere herzlichsten Grüße und wünschen frohe Festtage.

Auf ein Wiedersehen in alter Frische freut sich Ihr Hugo Habicht.

; $

Liebe(r) Joshua Patel!


Am 06.01.19 ist Heilige Drei Könige.

Aus diesem Anlass senden wir Ihnen die unsere herzlichsten Grüße und wünschen frohe Festtage.

Auf ein Wiedersehen in alter Frische freut sich Ihr Hugo Habicht.

; $

Liebe(r) Trenna Rajs!


Am 06.01.19 ist Heilige Drei Könige.

Aus diesem Anlass senden wir Ihnen die unsere herzlichsten Grüße und wünschen frohe Festtage.

Auf ein Wiedersehen in alter Frische freut sich Ihr Hugo Habicht.

; $

Liebe(r) Curtis Davies!


Am 06.01.19 ist Heilige Drei Könige.

Aus diesem Anlass senden wir Ihnen die unsere herzlichsten Grüße und wünschen frohe Festtage.

Auf ein Wiedersehen in alter Frische freut sich Ihr Hugo Habicht.

; $

Liebe(r) Randall Matos!


Am 06.01.19 ist Heilige Drei Könige.

Aus diesem Anlass senden wir Ihnen die unsere herzlichsten Grüße und wünschen frohe Festtage.

Auf ein Wiedersehen in alter Frische freut sich Ihr Hugo Habicht.

; $

Liebe(r) Peter Vargas!


Am 06.01.19 ist Heilige Drei Könige.

Aus diesem Anlass senden wir Ihnen die unsere herzlichsten Grüße und wünschen frohe Festtage.

Auf ein Wiedersehen in alter Frische freut sich Ihr Hugo Habicht.

; $

Liebe(r) John Russell!


Am 06.01.19 ist Heilige Drei Könige.

Aus diesem Anlass senden wir Ihnen die unsere herzlichsten Grüße und wünschen frohe Festtage.

Auf ein Wiedersehen in alter Frische freut sich Ihr Hugo Habicht.

; $

Liebe(r) Karen Partners!


Am 06.01.19 ist Heilige Drei Könige.

Aus diesem Anlass senden wir Ihnen die unsere herzlichsten Grüße und wünschen frohe Festtage.

Auf ein Wiedersehen in alter Frische freut sich Ihr Hugo Habicht.

; $

Liebe(r) Alberto Errazuriz!


Am 06.01.19 ist Heilige Drei Könige.

Aus diesem Anlass senden wir Ihnen die unsere herzlichsten Grüße und wünschen frohe Festtage.

Auf ein Wiedersehen in alter Frische freut sich Ihr Hugo Habicht.

; $

Liebe(r) Gerald Cambrault!


Am 06.01.19 ist Heilige Drei Könige.

Aus diesem Anlass senden wir Ihnen die unsere herzlichsten Grüße und wünschen frohe Festtage.

Auf ein Wiedersehen in alter Frische freut sich Ihr Hugo Habicht.

; $

Liebe(r) Eleni Zlotkey!


Am 06.01.19 ist Heilige Drei Könige.

Aus diesem Anlass senden wir Ihnen die unsere herzlichsten Grüße und wünschen frohe Festtage.

Auf ein Wiedersehen in alter Frische freut sich Ihr Hugo Habicht.

; $

Liebe(r) Peter Tucker!


Am 06.01.19 ist Heilige Drei Könige.

Aus diesem Anlass senden wir Ihnen die unsere herzlichsten Grüße und wünschen frohe Festtage.

Auf ein Wiedersehen in alter Frische freut sich Ihr Hugo Habicht.

; $

Liebe(r) David Bernstein!


Am 06.01.19 ist Heilige Drei Könige.

Aus diesem Anlass senden wir Ihnen die unsere herzlichsten Grüße und wünschen frohe Festtage.

Auf ein Wiedersehen in alter Frische freut sich Ihr Hugo Habicht.

; $

Liebe(r) Peter Hall!


Am 06.01.19 ist Heilige Drei Könige.

Aus diesem Anlass senden wir Ihnen die unsere herzlichsten Grüße und wünschen frohe Festtage.

Auf ein Wiedersehen in alter Frische freut sich Ihr Hugo Habicht.

; $

Liebe(r) Christopher Olsen!


Am 06.01.19 ist Heilige Drei Könige.

Aus diesem Anlass senden wir Ihnen die unsere herzlichsten Grüße und wünschen frohe Festtage.

Auf ein Wiedersehen in alter Frische freut sich Ihr Hugo Habicht.

; $

Liebe(r) Nanette Cambrault!


Am 06.01.19 ist Heilige Drei Könige.

Aus diesem Anlass senden wir Ihnen die unsere herzlichsten Grüße und wünschen frohe Festtage.

Auf ein Wiedersehen in alter Frische freut sich Ihr Hugo Habicht.

; $

Liebe(r) Oliver Tuvault!


Am 06.01.19 ist Heilige Drei Könige.

Aus diesem Anlass senden wir Ihnen die unsere herzlichsten Grüße und wünschen frohe Festtage.

Auf ein Wiedersehen in alter Frische freut sich Ihr Hugo Habicht.

; $

Liebe(r) Janette King!


Am 06.01.19 ist Heilige Drei Könige.

Aus diesem Anlass senden wir Ihnen die unsere herzlichsten Grüße und wünschen frohe Festtage.

Auf ein Wiedersehen in alter Frische freut sich Ihr Hugo Habicht.

; $

Liebe(r) Patrick Sully!


Am 06.01.19 ist Heilige Drei Könige.

Aus diesem Anlass senden wir Ihnen die unsere herzlichsten Grüße und wünschen frohe Festtage.

Auf ein Wiedersehen in alter Frische freut sich Ihr Hugo Habicht.

; $

Liebe(r) Allan McEwen!


Am 06.01.19 ist Heilige Drei Könige.

Aus diesem Anlass senden wir Ihnen die unsere herzlichsten Grüße und wünschen frohe Festtage.

Auf ein Wiedersehen in alter Frische freut sich Ihr Hugo Habicht.

; $

Liebe(r) Lindsey Smith!


Am 06.01.19 ist Heilige Drei Könige.

Aus diesem Anlass senden wir Ihnen die unsere herzlichsten Grüße und wünschen frohe Festtage.

Auf ein Wiedersehen in alter Frische freut sich Ihr Hugo Habicht.

; $

Liebe(r) Louise Doran!


Am 06.01.19 ist Heilige Drei Könige.

Aus diesem Anlass senden wir Ihnen die unsere herzlichsten Grüße und wünschen frohe Festtage.

Auf ein Wiedersehen in alter Frische freut sich Ihr Hugo Habicht.

; $

Liebe(r) Sarath Sewall!


Am 06.01.19 ist Heilige Drei Könige.

Aus diesem Anlass senden wir Ihnen die unsere herzlichsten Grüße und wünschen frohe Festtage.

Auf ein Wiedersehen in alter Frische freut sich Ihr Hugo Habicht.

; $

Liebe(r) Clara Vishney!


Am 06.01.19 ist Heilige Drei Könige.

Aus diesem Anlass senden wir Ihnen die unsere herzlichsten Grüße und wünschen frohe Festtage.

Auf ein Wiedersehen in alter Frische freut sich Ihr Hugo Habicht.

; $

Liebe(r) Danielle Greene!


Am 06.01.19 ist Heilige Drei Könige.

Aus diesem Anlass senden wir Ihnen die unsere herzlichsten Grüße und wünschen frohe Festtage.

Auf ein Wiedersehen in alter Frische freut sich Ihr Hugo Habicht.

; $

Liebe(r) Mattea Marvins!


Am 06.01.19 ist Heilige Drei Könige.

Aus diesem Anlass senden wir Ihnen die unsere herzlichsten Grüße und wünschen frohe Festtage.

Auf ein Wiedersehen in alter Frische freut sich Ihr Hugo Habicht.

; $

Liebe(r) David Lee!


Am 06.01.19 ist Heilige Drei Könige.

Aus diesem Anlass senden wir Ihnen die unsere herzlichsten Grüße und wünschen frohe Festtage.

Auf ein Wiedersehen in alter Frische freut sich Ihr Hugo Habicht.

; $

Liebe(r) Sundar Ande!


Am 06.01.19 ist Heilige Drei Könige.

Aus diesem Anlass senden wir Ihnen die unsere herzlichsten Grüße und wünschen frohe Festtage.

Auf ein Wiedersehen in alter Frische freut sich Ihr Hugo Habicht.

; $

Liebe(r) Amit Banda!


Am 06.01.19 ist Heilige Drei Könige.

Aus diesem Anlass senden wir Ihnen die unsere herzlichsten Grüße und wünschen frohe Festtage.

Auf ein Wiedersehen in alter Frische freut sich Ihr Hugo Habicht.

; $

Liebe(r) Lisa Ozer!


Am 06.01.19 ist Heilige Drei Könige.

Aus diesem Anlass senden wir Ihnen die unsere herzlichsten Grüße und wünschen frohe Festtage.

Auf ein Wiedersehen in alter Frische freut sich Ihr Hugo Habicht.

; $

Liebe(r) Harrison Bloom!


Am 06.01.19 ist Heilige Drei Könige.

Aus diesem Anlass senden wir Ihnen die unsere herzlichsten Grüße und wünschen frohe Festtage.

Auf ein Wiedersehen in alter Frische freut sich Ihr Hugo Habicht.

; $

Liebe(r) Tayler Fox!


Am 06.01.19 ist Heilige Drei Könige.

Aus diesem Anlass senden wir Ihnen die unsere herzlichsten Grüße und wünschen frohe Festtage.

Auf ein Wiedersehen in alter Frische freut sich Ihr Hugo Habicht.

; $

Liebe(r) William Smith!


Am 06.01.19 ist Heilige Drei Könige.

Aus diesem Anlass senden wir Ihnen die unsere herzlichsten Grüße und wünschen frohe Festtage.

Auf ein Wiedersehen in alter Frische freut sich Ihr Hugo Habicht.

; $

Liebe(r) Elizabeth Bates!


Am 06.01.19 ist Heilige Drei Könige.

Aus diesem Anlass senden wir Ihnen die unsere herzlichsten Grüße und wünschen frohe Festtage.

Auf ein Wiedersehen in alter Frische freut sich Ihr Hugo Habicht.

; $

Liebe(r) Sundita Kumar!


Am 06.01.19 ist Heilige Drei Könige.

Aus diesem Anlass senden wir Ihnen die unsere herzlichsten Grüße und wünschen frohe Festtage.

Auf ein Wiedersehen in alter Frische freut sich Ihr Hugo Habicht.

; $

Liebe(r) Ellen Abel!


Am 06.01.19 ist Heilige Drei Könige.

Aus diesem Anlass senden wir Ihnen die unsere herzlichsten Grüße und wünschen frohe Festtage.

Auf ein Wiedersehen in alter Frische freut sich Ihr Hugo Habicht.

; $

Liebe(r) Alyssa Hutton!


Am 06.01.19 ist Heilige Drei Könige.

Aus diesem Anlass senden wir Ihnen die unsere herzlichsten Grüße und wünschen frohe Festtage.

Auf ein Wiedersehen in alter Frische freut sich Ihr Hugo Habicht.

; $

Liebe(r) Jonathon Taylor!


Am 06.01.19 ist Heilige Drei Könige.

Aus diesem Anlass senden wir Ihnen die unsere herzlichsten Grüße und wünschen frohe Festtage.

Auf ein Wiedersehen in alter Frische freut sich Ihr Hugo Habicht.

; $

Liebe(r) Jack Livingston!


Am 06.01.19 ist Heilige Drei Könige.

Aus diesem Anlass senden wir Ihnen die unsere herzlichsten Grüße und wünschen frohe Festtage.

Auf ein Wiedersehen in alter Frische freut sich Ihr Hugo Habicht.

; $

Liebe(r) Kimberely Grant!


Am 06.01.19 ist Heilige Drei Könige.

Aus diesem Anlass senden wir Ihnen die unsere herzlichsten Grüße und wünschen frohe Festtage.

Auf ein Wiedersehen in alter Frische freut sich Ihr Hugo Habicht.

; $

Liebe(r) Charles Johnson!


Am 06.01.19 ist Heilige Drei Könige.

Aus diesem Anlass senden wir Ihnen die unsere herzlichsten Grüße und wünschen frohe Festtage.

Auf ein Wiedersehen in alter Frische freut sich Ihr Hugo Habicht.

; $

Liebe(r) Winston Taylor!


Am 06.01.19 ist Heilige Drei Könige.

Aus diesem Anlass senden wir Ihnen die unsere herzlichsten Grüße und wünschen frohe Festtage.

Auf ein Wiedersehen in alter Frische freut sich Ihr Hugo Habicht.

; $

Liebe(r) Jean Fleaur!


Am 06.01.19 ist Heilige Drei Könige.

Aus diesem Anlass senden wir Ihnen die unsere herzlichsten Grüße und wünschen frohe Festtage.

Auf ein Wiedersehen in alter Frische freut sich Ihr Hugo Habicht.

; $

Liebe(r) Martha Sullivan!


Am 06.01.19 ist Heilige Drei Könige.

Aus diesem Anlass senden wir Ihnen die unsere herzlichsten Grüße und wünschen frohe Festtage.

Auf ein Wiedersehen in alter Frische freut sich Ihr Hugo Habicht.

; $

Liebe(r) Girard Geoni!


Am 06.01.19 ist Heilige Drei Könige.

Aus diesem Anlass senden wir Ihnen die unsere herzlichsten Grüße und wünschen frohe Festtage.

Auf ein Wiedersehen in alter Frische freut sich Ihr Hugo Habicht.

; $

Liebe(r) Nandita Sarchand!


Am 06.01.19 ist Heilige Drei Könige.

Aus diesem Anlass senden wir Ihnen die unsere herzlichsten Grüße und wünschen frohe Festtage.

Auf ein Wiedersehen in alter Frische freut sich Ihr Hugo Habicht.

; $

Liebe(r) Alexis Bull!


Am 06.01.19 ist Heilige Drei Könige.

Aus diesem Anlass senden wir Ihnen die unsere herzlichsten Grüße und wünschen frohe Festtage.

Auf ein Wiedersehen in alter Frische freut sich Ihr Hugo Habicht.

; $

Liebe(r) Julia Dellinger!


Am 06.01.19 ist Heilige Drei Könige.

Aus diesem Anlass senden wir Ihnen die unsere herzlichsten Grüße und wünschen frohe Festtage.

Auf ein Wiedersehen in alter Frische freut sich Ihr Hugo Habicht.

; $

Liebe(r) Anthony Cabrio!


Am 06.01.19 ist Heilige Drei Könige.

Aus diesem Anlass senden wir Ihnen die unsere herzlichsten Grüße und wünschen frohe Festtage.

Auf ein Wiedersehen in alter Frische freut sich Ihr Hugo Habicht.

; $

Liebe(r) Kelly Chung!


Am 06.01.19 ist Heilige Drei Könige.

Aus diesem Anlass senden wir Ihnen die unsere herzlichsten Grüße und wünschen frohe Festtage.

Auf ein Wiedersehen in alter Frische freut sich Ihr Hugo Habicht.

; $

Liebe(r) Jennifer Dilly!


Am 06.01.19 ist Heilige Drei Könige.

Aus diesem Anlass senden wir Ihnen die unsere herzlichsten Grüße und wünschen frohe Festtage.

Auf ein Wiedersehen in alter Frische freut sich Ihr Hugo Habicht.

; $

Liebe(r) Timothy Gates!


Am 06.01.19 ist Heilige Drei Könige.

Aus diesem Anlass senden wir Ihnen die unsere herzlichsten Grüße und wünschen frohe Festtage.

Auf ein Wiedersehen in alter Frische freut sich Ihr Hugo Habicht.

; $

Liebe(r) Randall Perkins!


Am 06.01.19 ist Heilige Drei Könige.

Aus diesem Anlass senden wir Ihnen die unsere herzlichsten Grüße und wünschen frohe Festtage.

Auf ein Wiedersehen in alter Frische freut sich Ihr Hugo Habicht.

; $

Liebe(r) Sarah Bell!


Am 06.01.19 ist Heilige Drei Könige.

Aus diesem Anlass senden wir Ihnen die unsere herzlichsten Grüße und wünschen frohe Festtage.

Auf ein Wiedersehen in alter Frische freut sich Ihr Hugo Habicht.

; $

Liebe(r) Britney Everett!


Am 06.01.19 ist Heilige Drei Könige.

Aus diesem Anlass senden wir Ihnen die unsere herzlichsten Grüße und wünschen frohe Festtage.

Auf ein Wiedersehen in alter Frische freut sich Ihr Hugo Habicht.

; $

Liebe(r) Samuel McCain!


Am 06.01.19 ist Heilige Drei Könige.

Aus diesem Anlass senden wir Ihnen die unsere herzlichsten Grüße und wünschen frohe Festtage.

Auf ein Wiedersehen in alter Frische freut sich Ihr Hugo Habicht.

; $

Liebe(r) Vance Jones!


Am 06.01.19 ist Heilige Drei Könige.

Aus diesem Anlass senden wir Ihnen die unsere herzlichsten Grüße und wünschen frohe Festtage.

Auf ein Wiedersehen in alter Frische freut sich Ihr Hugo Habicht.

; $

Liebe(r) Alana Walsh!


Am 06.01.19 ist Heilige Drei Könige.

Aus diesem Anlass senden wir Ihnen die unsere herzlichsten Grüße und wünschen frohe Festtage.

Auf ein Wiedersehen in alter Frische freut sich Ihr Hugo Habicht.

; $

Liebe(r) Kevin Feeney!


Am 06.01.19 ist Heilige Drei Könige.

Aus diesem Anlass senden wir Ihnen die unsere herzlichsten Grüße und wünschen frohe Festtage.

Auf ein Wiedersehen in alter Frische freut sich Ihr Hugo Habicht.

; $

Liebe(r) Donald OConnell!


Am 06.01.19 ist Heilige Drei Könige.

Aus diesem Anlass senden wir Ihnen die unsere herzlichsten Grüße und wünschen frohe Festtage.

Auf ein Wiedersehen in alter Frische freut sich Ihr Hugo Habicht.

; $

Liebe(r) Douglas Grant!


Am 06.01.19 ist Heilige Drei Könige.

Aus diesem Anlass senden wir Ihnen die unsere herzlichsten Grüße und wünschen frohe Festtage.

Auf ein Wiedersehen in alter Frische freut sich Ihr Hugo Habicht.

; $

Liebe(r) Jennifer Whalen!


Am 06.01.19 ist Heilige Drei Könige.

Aus diesem Anlass senden wir Ihnen die unsere herzlichsten Grüße und wünschen frohe Festtage.

Auf ein Wiedersehen in alter Frische freut sich Ihr Hugo Habicht.

; $

Liebe(r) Michael Hartstein!


Am 06.01.19 ist Heilige Drei Könige.

Aus diesem Anlass senden wir Ihnen die unsere herzlichsten Grüße und wünschen frohe Festtage.

Auf ein Wiedersehen in alter Frische freut sich Ihr Hugo Habicht.

; $

Liebe(r) Pat Fay!


Am 06.01.19 ist Heilige Drei Könige.

Aus diesem Anlass senden wir Ihnen die unsere herzlichsten Grüße und wünschen frohe Festtage.

Auf ein Wiedersehen in alter Frische freut sich Ihr Hugo Habicht.

; $

Liebe(r) Susan Mavris!


Am 06.01.19 ist Heilige Drei Könige.

Aus diesem Anlass senden wir Ihnen die unsere herzlichsten Grüße und wünschen frohe Festtage.

Auf ein Wiedersehen in alter Frische freut sich Ihr Hugo Habicht.

; $

Liebe(r) Hermann Baer!


Am 06.01.19 ist Heilige Drei Könige.

Aus diesem Anlass senden wir Ihnen die unsere herzlichsten Grüße und wünschen frohe Festtage.

Auf ein Wiedersehen in alter Frische freut sich Ihr Hugo Habicht.

; $

Liebe(r) Shelley Higgins!


Am 06.01.19 ist Heilige Drei Könige.

Aus diesem Anlass senden wir Ihnen die unsere herzlichsten Grüße und wünschen frohe Festtage.

Auf ein Wiedersehen in alter Frische freut sich Ihr Hugo Habicht.

; $

Liebe(r) William Gietz!


Am 06.01.19 ist Heilige Drei Könige.

Aus diesem Anlass senden wir Ihnen die unsere herzlichsten Grüße und wünschen frohe Festtage.

Auf ein Wiedersehen in alter Frische freut sich Ihr Hugo Habicht.

; $

