Liebe(r) Mitabeiter(in), am 01.01.19ist Neujahr

...sende bitte die Grußkarten am 29.12.18 ab, damit sie rechtzeitig ankommen.

______________________________________________________________________________________

Liebe(r) Steven King!


Am 01.01.19 ist Neujahr.

Aus diesem Anlass senden wir Ihnen die unsere herzlichsten Grüße und wünschen frohe Festtage.

Auf ein Wiedersehen in alter Frische freut sich Ihr Hugo Habicht.

; $

Liebe(r) Neena Kochhar!


Am 01.01.19 ist Neujahr.

Aus diesem Anlass senden wir Ihnen die unsere herzlichsten Grüße und wünschen frohe Festtage.

Auf ein Wiedersehen in alter Frische freut sich Ihr Hugo Habicht.

; $

Liebe(r) Lex De Haan!


Am 01.01.19 ist Neujahr.

Aus diesem Anlass senden wir Ihnen die unsere herzlichsten Grüße und wünschen frohe Festtage.

Auf ein Wiedersehen in alter Frische freut sich Ihr Hugo Habicht.

; $

Liebe(r) Alexander Hunold!


Am 01.01.19 ist Neujahr.

Aus diesem Anlass senden wir Ihnen die unsere herzlichsten Grüße und wünschen frohe Festtage.

Auf ein Wiedersehen in alter Frische freut sich Ihr Hugo Habicht.

; $

Liebe(r) Bruce Ernst!


Am 01.01.19 ist Neujahr.

Aus diesem Anlass senden wir Ihnen die unsere herzlichsten Grüße und wünschen frohe Festtage.

Auf ein Wiedersehen in alter Frische freut sich Ihr Hugo Habicht.

; $

Liebe(r) David Austin!


Am 01.01.19 ist Neujahr.

Aus diesem Anlass senden wir Ihnen die unsere herzlichsten Grüße und wünschen frohe Festtage.

Auf ein Wiedersehen in alter Frische freut sich Ihr Hugo Habicht.

; $

Liebe(r) Valli Pataballa!


Am 01.01.19 ist Neujahr.

Aus diesem Anlass senden wir Ihnen die unsere herzlichsten Grüße und wünschen frohe Festtage.

Auf ein Wiedersehen in alter Frische freut sich Ihr Hugo Habicht.

; $

Liebe(r) Diana Lorentz!


Am 01.01.19 ist Neujahr.

Aus diesem Anlass senden wir Ihnen die unsere herzlichsten Grüße und wünschen frohe Festtage.

Auf ein Wiedersehen in alter Frische freut sich Ihr Hugo Habicht.

; $

Liebe(r) Nancy Greenberg!


Am 01.01.19 ist Neujahr.

Aus diesem Anlass senden wir Ihnen die unsere herzlichsten Grüße und wünschen frohe Festtage.

Auf ein Wiedersehen in alter Frische freut sich Ihr Hugo Habicht.

; $

Liebe(r) Daniel Faviet!


Am 01.01.19 ist Neujahr.

Aus diesem Anlass senden wir Ihnen die unsere herzlichsten Grüße und wünschen frohe Festtage.

Auf ein Wiedersehen in alter Frische freut sich Ihr Hugo Habicht.

; $

Liebe(r) John Chen!


Am 01.01.19 ist Neujahr.

Aus diesem Anlass senden wir Ihnen die unsere herzlichsten Grüße und wünschen frohe Festtage.

Auf ein Wiedersehen in alter Frische freut sich Ihr Hugo Habicht.

; $

Liebe(r) Ismael Sciarra!


Am 01.01.19 ist Neujahr.

Aus diesem Anlass senden wir Ihnen die unsere herzlichsten Grüße und wünschen frohe Festtage.

Auf ein Wiedersehen in alter Frische freut sich Ihr Hugo Habicht.

; $

Liebe(r) Jose Manuel Urman!


Am 01.01.19 ist Neujahr.

Aus diesem Anlass senden wir Ihnen die unsere herzlichsten Grüße und wünschen frohe Festtage.

Auf ein Wiedersehen in alter Frische freut sich Ihr Hugo Habicht.

; $

Liebe(r) Luis Popp!


Am 01.01.19 ist Neujahr.

Aus diesem Anlass senden wir Ihnen die unsere herzlichsten Grüße und wünschen frohe Festtage.

Auf ein Wiedersehen in alter Frische freut sich Ihr Hugo Habicht.

; $

Liebe(r) Den Raphaely!


Am 01.01.19 ist Neujahr.

Aus diesem Anlass senden wir Ihnen die unsere herzlichsten Grüße und wünschen frohe Festtage.

Auf ein Wiedersehen in alter Frische freut sich Ihr Hugo Habicht.

; $

Liebe(r) Alexander Khoo!


Am 01.01.19 ist Neujahr.

Aus diesem Anlass senden wir Ihnen die unsere herzlichsten Grüße und wünschen frohe Festtage.

Auf ein Wiedersehen in alter Frische freut sich Ihr Hugo Habicht.

; $

Liebe(r) Shelli Baida!


Am 01.01.19 ist Neujahr.

Aus diesem Anlass senden wir Ihnen die unsere herzlichsten Grüße und wünschen frohe Festtage.

Auf ein Wiedersehen in alter Frische freut sich Ihr Hugo Habicht.

; $

Liebe(r) Sigal Tobias!


Am 01.01.19 ist Neujahr.

Aus diesem Anlass senden wir Ihnen die unsere herzlichsten Grüße und wünschen frohe Festtage.

Auf ein Wiedersehen in alter Frische freut sich Ihr Hugo Habicht.

; $

Liebe(r) Guy Himuro!


Am 01.01.19 ist Neujahr.

Aus diesem Anlass senden wir Ihnen die unsere herzlichsten Grüße und wünschen frohe Festtage.

Auf ein Wiedersehen in alter Frische freut sich Ihr Hugo Habicht.

; $

Liebe(r) Karen Colmenares!


Am 01.01.19 ist Neujahr.

Aus diesem Anlass senden wir Ihnen die unsere herzlichsten Grüße und wünschen frohe Festtage.

Auf ein Wiedersehen in alter Frische freut sich Ihr Hugo Habicht.

; $

Liebe(r) Matthew Weiss!


Am 01.01.19 ist Neujahr.

Aus diesem Anlass senden wir Ihnen die unsere herzlichsten Grüße und wünschen frohe Festtage.

Auf ein Wiedersehen in alter Frische freut sich Ihr Hugo Habicht.

; $

Liebe(r) Adam Fripp!


Am 01.01.19 ist Neujahr.

Aus diesem Anlass senden wir Ihnen die unsere herzlichsten Grüße und wünschen frohe Festtage.

Auf ein Wiedersehen in alter Frische freut sich Ihr Hugo Habicht.

; $

Liebe(r) Payam Kaufling!


Am 01.01.19 ist Neujahr.

Aus diesem Anlass senden wir Ihnen die unsere herzlichsten Grüße und wünschen frohe Festtage.

Auf ein Wiedersehen in alter Frische freut sich Ihr Hugo Habicht.

; $

Liebe(r) Shanta Vollman!


Am 01.01.19 ist Neujahr.

Aus diesem Anlass senden wir Ihnen die unsere herzlichsten Grüße und wünschen frohe Festtage.

Auf ein Wiedersehen in alter Frische freut sich Ihr Hugo Habicht.

; $

Liebe(r) Kevin Mourgos!


Am 01.01.19 ist Neujahr.

Aus diesem Anlass senden wir Ihnen die unsere herzlichsten Grüße und wünschen frohe Festtage.

Auf ein Wiedersehen in alter Frische freut sich Ihr Hugo Habicht.

; $

Liebe(r) Julia Nayer!


Am 01.01.19 ist Neujahr.

Aus diesem Anlass senden wir Ihnen die unsere herzlichsten Grüße und wünschen frohe Festtage.

Auf ein Wiedersehen in alter Frische freut sich Ihr Hugo Habicht.

; $

Liebe(r) Irene Mikkilineni!


Am 01.01.19 ist Neujahr.

Aus diesem Anlass senden wir Ihnen die unsere herzlichsten Grüße und wünschen frohe Festtage.

Auf ein Wiedersehen in alter Frische freut sich Ihr Hugo Habicht.

; $

Liebe(r) James Landry!


Am 01.01.19 ist Neujahr.

Aus diesem Anlass senden wir Ihnen die unsere herzlichsten Grüße und wünschen frohe Festtage.

Auf ein Wiedersehen in alter Frische freut sich Ihr Hugo Habicht.

; $

Liebe(r) Steven Markle!


Am 01.01.19 ist Neujahr.

Aus diesem Anlass senden wir Ihnen die unsere herzlichsten Grüße und wünschen frohe Festtage.

Auf ein Wiedersehen in alter Frische freut sich Ihr Hugo Habicht.

; $

Liebe(r) Laura Bissot!


Am 01.01.19 ist Neujahr.

Aus diesem Anlass senden wir Ihnen die unsere herzlichsten Grüße und wünschen frohe Festtage.

Auf ein Wiedersehen in alter Frische freut sich Ihr Hugo Habicht.

; $

Liebe(r) Mozhe Atkinson!


Am 01.01.19 ist Neujahr.

Aus diesem Anlass senden wir Ihnen die unsere herzlichsten Grüße und wünschen frohe Festtage.

Auf ein Wiedersehen in alter Frische freut sich Ihr Hugo Habicht.

; $

Liebe(r) James Marlow!


Am 01.01.19 ist Neujahr.

Aus diesem Anlass senden wir Ihnen die unsere herzlichsten Grüße und wünschen frohe Festtage.

Auf ein Wiedersehen in alter Frische freut sich Ihr Hugo Habicht.

; $

Liebe(r) TJ Olson!


Am 01.01.19 ist Neujahr.

Aus diesem Anlass senden wir Ihnen die unsere herzlichsten Grüße und wünschen frohe Festtage.

Auf ein Wiedersehen in alter Frische freut sich Ihr Hugo Habicht.

; $

Liebe(r) Jason Mallin!


Am 01.01.19 ist Neujahr.

Aus diesem Anlass senden wir Ihnen die unsere herzlichsten Grüße und wünschen frohe Festtage.

Auf ein Wiedersehen in alter Frische freut sich Ihr Hugo Habicht.

; $

Liebe(r) Michael Rogers!


Am 01.01.19 ist Neujahr.

Aus diesem Anlass senden wir Ihnen die unsere herzlichsten Grüße und wünschen frohe Festtage.

Auf ein Wiedersehen in alter Frische freut sich Ihr Hugo Habicht.

; $

Liebe(r) Ki Gee!


Am 01.01.19 ist Neujahr.

Aus diesem Anlass senden wir Ihnen die unsere herzlichsten Grüße und wünschen frohe Festtage.

Auf ein Wiedersehen in alter Frische freut sich Ihr Hugo Habicht.

; $

Liebe(r) Hazel Philtanker!


Am 01.01.19 ist Neujahr.

Aus diesem Anlass senden wir Ihnen die unsere herzlichsten Grüße und wünschen frohe Festtage.

Auf ein Wiedersehen in alter Frische freut sich Ihr Hugo Habicht.

; $

Liebe(r) Renske Ladwig!


Am 01.01.19 ist Neujahr.

Aus diesem Anlass senden wir Ihnen die unsere herzlichsten Grüße und wünschen frohe Festtage.

Auf ein Wiedersehen in alter Frische freut sich Ihr Hugo Habicht.

; $

Liebe(r) Stephen Stiles!


Am 01.01.19 ist Neujahr.

Aus diesem Anlass senden wir Ihnen die unsere herzlichsten Grüße und wünschen frohe Festtage.

Auf ein Wiedersehen in alter Frische freut sich Ihr Hugo Habicht.

; $

Liebe(r) John Seo!


Am 01.01.19 ist Neujahr.

Aus diesem Anlass senden wir Ihnen die unsere herzlichsten Grüße und wünschen frohe Festtage.

Auf ein Wiedersehen in alter Frische freut sich Ihr Hugo Habicht.

; $

Liebe(r) Joshua Patel!


Am 01.01.19 ist Neujahr.

Aus diesem Anlass senden wir Ihnen die unsere herzlichsten Grüße und wünschen frohe Festtage.

Auf ein Wiedersehen in alter Frische freut sich Ihr Hugo Habicht.

; $

Liebe(r) Trenna Rajs!


Am 01.01.19 ist Neujahr.

Aus diesem Anlass senden wir Ihnen die unsere herzlichsten Grüße und wünschen frohe Festtage.

Auf ein Wiedersehen in alter Frische freut sich Ihr Hugo Habicht.

; $

Liebe(r) Curtis Davies!


Am 01.01.19 ist Neujahr.

Aus diesem Anlass senden wir Ihnen die unsere herzlichsten Grüße und wünschen frohe Festtage.

Auf ein Wiedersehen in alter Frische freut sich Ihr Hugo Habicht.

; $

Liebe(r) Randall Matos!


Am 01.01.19 ist Neujahr.

Aus diesem Anlass senden wir Ihnen die unsere herzlichsten Grüße und wünschen frohe Festtage.

Auf ein Wiedersehen in alter Frische freut sich Ihr Hugo Habicht.

; $

Liebe(r) Peter Vargas!


Am 01.01.19 ist Neujahr.

Aus diesem Anlass senden wir Ihnen die unsere herzlichsten Grüße und wünschen frohe Festtage.

Auf ein Wiedersehen in alter Frische freut sich Ihr Hugo Habicht.

; $

Liebe(r) John Russell!


Am 01.01.19 ist Neujahr.

Aus diesem Anlass senden wir Ihnen die unsere herzlichsten Grüße und wünschen frohe Festtage.

Auf ein Wiedersehen in alter Frische freut sich Ihr Hugo Habicht.

; $

Liebe(r) Karen Partners!


Am 01.01.19 ist Neujahr.

Aus diesem Anlass senden wir Ihnen die unsere herzlichsten Grüße und wünschen frohe Festtage.

Auf ein Wiedersehen in alter Frische freut sich Ihr Hugo Habicht.

; $

Liebe(r) Alberto Errazuriz!


Am 01.01.19 ist Neujahr.

Aus diesem Anlass senden wir Ihnen die unsere herzlichsten Grüße und wünschen frohe Festtage.

Auf ein Wiedersehen in alter Frische freut sich Ihr Hugo Habicht.

; $

Liebe(r) Gerald Cambrault!


Am 01.01.19 ist Neujahr.

Aus diesem Anlass senden wir Ihnen die unsere herzlichsten Grüße und wünschen frohe Festtage.

Auf ein Wiedersehen in alter Frische freut sich Ihr Hugo Habicht.

; $

Liebe(r) Eleni Zlotkey!


Am 01.01.19 ist Neujahr.

Aus diesem Anlass senden wir Ihnen die unsere herzlichsten Grüße und wünschen frohe Festtage.

Auf ein Wiedersehen in alter Frische freut sich Ihr Hugo Habicht.

; $

Liebe(r) Peter Tucker!


Am 01.01.19 ist Neujahr.

Aus diesem Anlass senden wir Ihnen die unsere herzlichsten Grüße und wünschen frohe Festtage.

Auf ein Wiedersehen in alter Frische freut sich Ihr Hugo Habicht.

; $

Liebe(r) David Bernstein!


Am 01.01.19 ist Neujahr.

Aus diesem Anlass senden wir Ihnen die unsere herzlichsten Grüße und wünschen frohe Festtage.

Auf ein Wiedersehen in alter Frische freut sich Ihr Hugo Habicht.

; $

Liebe(r) Peter Hall!


Am 01.01.19 ist Neujahr.

Aus diesem Anlass senden wir Ihnen die unsere herzlichsten Grüße und wünschen frohe Festtage.

Auf ein Wiedersehen in alter Frische freut sich Ihr Hugo Habicht.

; $

Liebe(r) Christopher Olsen!


Am 01.01.19 ist Neujahr.

Aus diesem Anlass senden wir Ihnen die unsere herzlichsten Grüße und wünschen frohe Festtage.

Auf ein Wiedersehen in alter Frische freut sich Ihr Hugo Habicht.

; $

Liebe(r) Nanette Cambrault!


Am 01.01.19 ist Neujahr.

Aus diesem Anlass senden wir Ihnen die unsere herzlichsten Grüße und wünschen frohe Festtage.

Auf ein Wiedersehen in alter Frische freut sich Ihr Hugo Habicht.

; $

Liebe(r) Oliver Tuvault!


Am 01.01.19 ist Neujahr.

Aus diesem Anlass senden wir Ihnen die unsere herzlichsten Grüße und wünschen frohe Festtage.

Auf ein Wiedersehen in alter Frische freut sich Ihr Hugo Habicht.

; $

Liebe(r) Janette King!


Am 01.01.19 ist Neujahr.

Aus diesem Anlass senden wir Ihnen die unsere herzlichsten Grüße und wünschen frohe Festtage.

Auf ein Wiedersehen in alter Frische freut sich Ihr Hugo Habicht.

; $

Liebe(r) Patrick Sully!


Am 01.01.19 ist Neujahr.

Aus diesem Anlass senden wir Ihnen die unsere herzlichsten Grüße und wünschen frohe Festtage.

Auf ein Wiedersehen in alter Frische freut sich Ihr Hugo Habicht.

; $

Liebe(r) Allan McEwen!


Am 01.01.19 ist Neujahr.

Aus diesem Anlass senden wir Ihnen die unsere herzlichsten Grüße und wünschen frohe Festtage.

Auf ein Wiedersehen in alter Frische freut sich Ihr Hugo Habicht.

; $

Liebe(r) Lindsey Smith!


Am 01.01.19 ist Neujahr.

Aus diesem Anlass senden wir Ihnen die unsere herzlichsten Grüße und wünschen frohe Festtage.

Auf ein Wiedersehen in alter Frische freut sich Ihr Hugo Habicht.

; $

Liebe(r) Louise Doran!


Am 01.01.19 ist Neujahr.

Aus diesem Anlass senden wir Ihnen die unsere herzlichsten Grüße und wünschen frohe Festtage.

Auf ein Wiedersehen in alter Frische freut sich Ihr Hugo Habicht.

; $

Liebe(r) Sarath Sewall!


Am 01.01.19 ist Neujahr.

Aus diesem Anlass senden wir Ihnen die unsere herzlichsten Grüße und wünschen frohe Festtage.

Auf ein Wiedersehen in alter Frische freut sich Ihr Hugo Habicht.

; $

Liebe(r) Clara Vishney!


Am 01.01.19 ist Neujahr.

Aus diesem Anlass senden wir Ihnen die unsere herzlichsten Grüße und wünschen frohe Festtage.

Auf ein Wiedersehen in alter Frische freut sich Ihr Hugo Habicht.

; $

Liebe(r) Danielle Greene!


Am 01.01.19 ist Neujahr.

Aus diesem Anlass senden wir Ihnen die unsere herzlichsten Grüße und wünschen frohe Festtage.

Auf ein Wiedersehen in alter Frische freut sich Ihr Hugo Habicht.

; $

Liebe(r) Mattea Marvins!


Am 01.01.19 ist Neujahr.

Aus diesem Anlass senden wir Ihnen die unsere herzlichsten Grüße und wünschen frohe Festtage.

Auf ein Wiedersehen in alter Frische freut sich Ihr Hugo Habicht.

; $

Liebe(r) David Lee!


Am 01.01.19 ist Neujahr.

Aus diesem Anlass senden wir Ihnen die unsere herzlichsten Grüße und wünschen frohe Festtage.

Auf ein Wiedersehen in alter Frische freut sich Ihr Hugo Habicht.

; $

Liebe(r) Sundar Ande!


Am 01.01.19 ist Neujahr.

Aus diesem Anlass senden wir Ihnen die unsere herzlichsten Grüße und wünschen frohe Festtage.

Auf ein Wiedersehen in alter Frische freut sich Ihr Hugo Habicht.

; $

Liebe(r) Amit Banda!


Am 01.01.19 ist Neujahr.

Aus diesem Anlass senden wir Ihnen die unsere herzlichsten Grüße und wünschen frohe Festtage.

Auf ein Wiedersehen in alter Frische freut sich Ihr Hugo Habicht.

; $

Liebe(r) Lisa Ozer!


Am 01.01.19 ist Neujahr.

Aus diesem Anlass senden wir Ihnen die unsere herzlichsten Grüße und wünschen frohe Festtage.

Auf ein Wiedersehen in alter Frische freut sich Ihr Hugo Habicht.

; $

Liebe(r) Harrison Bloom!


Am 01.01.19 ist Neujahr.

Aus diesem Anlass senden wir Ihnen die unsere herzlichsten Grüße und wünschen frohe Festtage.

Auf ein Wiedersehen in alter Frische freut sich Ihr Hugo Habicht.

; $

Liebe(r) Tayler Fox!


Am 01.01.19 ist Neujahr.

Aus diesem Anlass senden wir Ihnen die unsere herzlichsten Grüße und wünschen frohe Festtage.

Auf ein Wiedersehen in alter Frische freut sich Ihr Hugo Habicht.

; $

Liebe(r) William Smith!


Am 01.01.19 ist Neujahr.

Aus diesem Anlass senden wir Ihnen die unsere herzlichsten Grüße und wünschen frohe Festtage.

Auf ein Wiedersehen in alter Frische freut sich Ihr Hugo Habicht.

; $

Liebe(r) Elizabeth Bates!


Am 01.01.19 ist Neujahr.

Aus diesem Anlass senden wir Ihnen die unsere herzlichsten Grüße und wünschen frohe Festtage.

Auf ein Wiedersehen in alter Frische freut sich Ihr Hugo Habicht.

; $

Liebe(r) Sundita Kumar!


Am 01.01.19 ist Neujahr.

Aus diesem Anlass senden wir Ihnen die unsere herzlichsten Grüße und wünschen frohe Festtage.

Auf ein Wiedersehen in alter Frische freut sich Ihr Hugo Habicht.

; $

Liebe(r) Ellen Abel!


Am 01.01.19 ist Neujahr.

Aus diesem Anlass senden wir Ihnen die unsere herzlichsten Grüße und wünschen frohe Festtage.

Auf ein Wiedersehen in alter Frische freut sich Ihr Hugo Habicht.

; $

Liebe(r) Alyssa Hutton!


Am 01.01.19 ist Neujahr.

Aus diesem Anlass senden wir Ihnen die unsere herzlichsten Grüße und wünschen frohe Festtage.

Auf ein Wiedersehen in alter Frische freut sich Ihr Hugo Habicht.

; $

Liebe(r) Jonathon Taylor!


Am 01.01.19 ist Neujahr.

Aus diesem Anlass senden wir Ihnen die unsere herzlichsten Grüße und wünschen frohe Festtage.

Auf ein Wiedersehen in alter Frische freut sich Ihr Hugo Habicht.

; $

Liebe(r) Jack Livingston!


Am 01.01.19 ist Neujahr.

Aus diesem Anlass senden wir Ihnen die unsere herzlichsten Grüße und wünschen frohe Festtage.

Auf ein Wiedersehen in alter Frische freut sich Ihr Hugo Habicht.

; $

Liebe(r) Kimberely Grant!


Am 01.01.19 ist Neujahr.

Aus diesem Anlass senden wir Ihnen die unsere herzlichsten Grüße und wünschen frohe Festtage.

Auf ein Wiedersehen in alter Frische freut sich Ihr Hugo Habicht.

; $

Liebe(r) Charles Johnson!


Am 01.01.19 ist Neujahr.

Aus diesem Anlass senden wir Ihnen die unsere herzlichsten Grüße und wünschen frohe Festtage.

Auf ein Wiedersehen in alter Frische freut sich Ihr Hugo Habicht.

; $

Liebe(r) Winston Taylor!


Am 01.01.19 ist Neujahr.

Aus diesem Anlass senden wir Ihnen die unsere herzlichsten Grüße und wünschen frohe Festtage.

Auf ein Wiedersehen in alter Frische freut sich Ihr Hugo Habicht.

; $

Liebe(r) Jean Fleaur!


Am 01.01.19 ist Neujahr.

Aus diesem Anlass senden wir Ihnen die unsere herzlichsten Grüße und wünschen frohe Festtage.

Auf ein Wiedersehen in alter Frische freut sich Ihr Hugo Habicht.

; $

Liebe(r) Martha Sullivan!


Am 01.01.19 ist Neujahr.

Aus diesem Anlass senden wir Ihnen die unsere herzlichsten Grüße und wünschen frohe Festtage.

Auf ein Wiedersehen in alter Frische freut sich Ihr Hugo Habicht.

; $

Liebe(r) Girard Geoni!


Am 01.01.19 ist Neujahr.

Aus diesem Anlass senden wir Ihnen die unsere herzlichsten Grüße und wünschen frohe Festtage.

Auf ein Wiedersehen in alter Frische freut sich Ihr Hugo Habicht.

; $

Liebe(r) Nandita Sarchand!


Am 01.01.19 ist Neujahr.

Aus diesem Anlass senden wir Ihnen die unsere herzlichsten Grüße und wünschen frohe Festtage.

Auf ein Wiedersehen in alter Frische freut sich Ihr Hugo Habicht.

; $

Liebe(r) Alexis Bull!


Am 01.01.19 ist Neujahr.

Aus diesem Anlass senden wir Ihnen die unsere herzlichsten Grüße und wünschen frohe Festtage.

Auf ein Wiedersehen in alter Frische freut sich Ihr Hugo Habicht.

; $

Liebe(r) Julia Dellinger!


Am 01.01.19 ist Neujahr.

Aus diesem Anlass senden wir Ihnen die unsere herzlichsten Grüße und wünschen frohe Festtage.

Auf ein Wiedersehen in alter Frische freut sich Ihr Hugo Habicht.

; $

Liebe(r) Anthony Cabrio!


Am 01.01.19 ist Neujahr.

Aus diesem Anlass senden wir Ihnen die unsere herzlichsten Grüße und wünschen frohe Festtage.

Auf ein Wiedersehen in alter Frische freut sich Ihr Hugo Habicht.

; $

Liebe(r) Kelly Chung!


Am 01.01.19 ist Neujahr.

Aus diesem Anlass senden wir Ihnen die unsere herzlichsten Grüße und wünschen frohe Festtage.

Auf ein Wiedersehen in alter Frische freut sich Ihr Hugo Habicht.

; $

Liebe(r) Jennifer Dilly!


Am 01.01.19 ist Neujahr.

Aus diesem Anlass senden wir Ihnen die unsere herzlichsten Grüße und wünschen frohe Festtage.

Auf ein Wiedersehen in alter Frische freut sich Ihr Hugo Habicht.

; $

Liebe(r) Timothy Gates!


Am 01.01.19 ist Neujahr.

Aus diesem Anlass senden wir Ihnen die unsere herzlichsten Grüße und wünschen frohe Festtage.

Auf ein Wiedersehen in alter Frische freut sich Ihr Hugo Habicht.

; $

Liebe(r) Randall Perkins!


Am 01.01.19 ist Neujahr.

Aus diesem Anlass senden wir Ihnen die unsere herzlichsten Grüße und wünschen frohe Festtage.

Auf ein Wiedersehen in alter Frische freut sich Ihr Hugo Habicht.

; $

Liebe(r) Sarah Bell!


Am 01.01.19 ist Neujahr.

Aus diesem Anlass senden wir Ihnen die unsere herzlichsten Grüße und wünschen frohe Festtage.

Auf ein Wiedersehen in alter Frische freut sich Ihr Hugo Habicht.

; $

Liebe(r) Britney Everett!


Am 01.01.19 ist Neujahr.

Aus diesem Anlass senden wir Ihnen die unsere herzlichsten Grüße und wünschen frohe Festtage.

Auf ein Wiedersehen in alter Frische freut sich Ihr Hugo Habicht.

; $

Liebe(r) Samuel McCain!


Am 01.01.19 ist Neujahr.

Aus diesem Anlass senden wir Ihnen die unsere herzlichsten Grüße und wünschen frohe Festtage.

Auf ein Wiedersehen in alter Frische freut sich Ihr Hugo Habicht.

; $

Liebe(r) Vance Jones!


Am 01.01.19 ist Neujahr.

Aus diesem Anlass senden wir Ihnen die unsere herzlichsten Grüße und wünschen frohe Festtage.

Auf ein Wiedersehen in alter Frische freut sich Ihr Hugo Habicht.

; $

Liebe(r) Alana Walsh!


Am 01.01.19 ist Neujahr.

Aus diesem Anlass senden wir Ihnen die unsere herzlichsten Grüße und wünschen frohe Festtage.

Auf ein Wiedersehen in alter Frische freut sich Ihr Hugo Habicht.

; $

Liebe(r) Kevin Feeney!


Am 01.01.19 ist Neujahr.

Aus diesem Anlass senden wir Ihnen die unsere herzlichsten Grüße und wünschen frohe Festtage.

Auf ein Wiedersehen in alter Frische freut sich Ihr Hugo Habicht.

; $

Liebe(r) Donald OConnell!


Am 01.01.19 ist Neujahr.

Aus diesem Anlass senden wir Ihnen die unsere herzlichsten Grüße und wünschen frohe Festtage.

Auf ein Wiedersehen in alter Frische freut sich Ihr Hugo Habicht.

; $

Liebe(r) Douglas Grant!


Am 01.01.19 ist Neujahr.

Aus diesem Anlass senden wir Ihnen die unsere herzlichsten Grüße und wünschen frohe Festtage.

Auf ein Wiedersehen in alter Frische freut sich Ihr Hugo Habicht.

; $

Liebe(r) Jennifer Whalen!


Am 01.01.19 ist Neujahr.

Aus diesem Anlass senden wir Ihnen die unsere herzlichsten Grüße und wünschen frohe Festtage.

Auf ein Wiedersehen in alter Frische freut sich Ihr Hugo Habicht.

; $

Liebe(r) Michael Hartstein!


Am 01.01.19 ist Neujahr.

Aus diesem Anlass senden wir Ihnen die unsere herzlichsten Grüße und wünschen frohe Festtage.

Auf ein Wiedersehen in alter Frische freut sich Ihr Hugo Habicht.

; $

Liebe(r) Pat Fay!


Am 01.01.19 ist Neujahr.

Aus diesem Anlass senden wir Ihnen die unsere herzlichsten Grüße und wünschen frohe Festtage.

Auf ein Wiedersehen in alter Frische freut sich Ihr Hugo Habicht.

; $

Liebe(r) Susan Mavris!


Am 01.01.19 ist Neujahr.

Aus diesem Anlass senden wir Ihnen die unsere herzlichsten Grüße und wünschen frohe Festtage.

Auf ein Wiedersehen in alter Frische freut sich Ihr Hugo Habicht.

; $

Liebe(r) Hermann Baer!


Am 01.01.19 ist Neujahr.

Aus diesem Anlass senden wir Ihnen die unsere herzlichsten Grüße und wünschen frohe Festtage.

Auf ein Wiedersehen in alter Frische freut sich Ihr Hugo Habicht.

; $

Liebe(r) Shelley Higgins!


Am 01.01.19 ist Neujahr.

Aus diesem Anlass senden wir Ihnen die unsere herzlichsten Grüße und wünschen frohe Festtage.

Auf ein Wiedersehen in alter Frische freut sich Ihr Hugo Habicht.

; $

Liebe(r) William Gietz!


Am 01.01.19 ist Neujahr.

Aus diesem Anlass senden wir Ihnen die unsere herzlichsten Grüße und wünschen frohe Festtage.

Auf ein Wiedersehen in alter Frische freut sich Ihr Hugo Habicht.

; $

