Liebe(r) Mitabeiter(in), am 10.01.19ist Tag der Phantasie

...sende bitte die Grußkarten am 07.01.19 ab, damit sie rechtzeitig ankommen.

______________________________________________________________________________________

Liebe(r) Steven King!


Am 10.01.19 ist Tag der Phantasie.

Aus diesem Anlass senden wir Ihnen die unsere herzlichsten Grüße und wünschen frohe Festtage.

Auf ein Wiedersehen in alter Frische freut sich Ihr Hugo Habicht.

; $

Liebe(r) Neena Kochhar!


Am 10.01.19 ist Tag der Phantasie.

Aus diesem Anlass senden wir Ihnen die unsere herzlichsten Grüße und wünschen frohe Festtage.

Auf ein Wiedersehen in alter Frische freut sich Ihr Hugo Habicht.

; $

Liebe(r) Lex De Haan!


Am 10.01.19 ist Tag der Phantasie.

Aus diesem Anlass senden wir Ihnen die unsere herzlichsten Grüße und wünschen frohe Festtage.

Auf ein Wiedersehen in alter Frische freut sich Ihr Hugo Habicht.

; $

Liebe(r) Alexander Hunold!


Am 10.01.19 ist Tag der Phantasie.

Aus diesem Anlass senden wir Ihnen die unsere herzlichsten Grüße und wünschen frohe Festtage.

Auf ein Wiedersehen in alter Frische freut sich Ihr Hugo Habicht.

; $

Liebe(r) Bruce Ernst!


Am 10.01.19 ist Tag der Phantasie.

Aus diesem Anlass senden wir Ihnen die unsere herzlichsten Grüße und wünschen frohe Festtage.

Auf ein Wiedersehen in alter Frische freut sich Ihr Hugo Habicht.

; $

Liebe(r) David Austin!


Am 10.01.19 ist Tag der Phantasie.

Aus diesem Anlass senden wir Ihnen die unsere herzlichsten Grüße und wünschen frohe Festtage.

Auf ein Wiedersehen in alter Frische freut sich Ihr Hugo Habicht.

; $

Liebe(r) Valli Pataballa!


Am 10.01.19 ist Tag der Phantasie.

Aus diesem Anlass senden wir Ihnen die unsere herzlichsten Grüße und wünschen frohe Festtage.

Auf ein Wiedersehen in alter Frische freut sich Ihr Hugo Habicht.

; $

Liebe(r) Diana Lorentz!


Am 10.01.19 ist Tag der Phantasie.

Aus diesem Anlass senden wir Ihnen die unsere herzlichsten Grüße und wünschen frohe Festtage.

Auf ein Wiedersehen in alter Frische freut sich Ihr Hugo Habicht.

; $

Liebe(r) Nancy Greenberg!


Am 10.01.19 ist Tag der Phantasie.

Aus diesem Anlass senden wir Ihnen die unsere herzlichsten Grüße und wünschen frohe Festtage.

Auf ein Wiedersehen in alter Frische freut sich Ihr Hugo Habicht.

; $

Liebe(r) Daniel Faviet!


Am 10.01.19 ist Tag der Phantasie.

Aus diesem Anlass senden wir Ihnen die unsere herzlichsten Grüße und wünschen frohe Festtage.

Auf ein Wiedersehen in alter Frische freut sich Ihr Hugo Habicht.

; $

Liebe(r) John Chen!


Am 10.01.19 ist Tag der Phantasie.

Aus diesem Anlass senden wir Ihnen die unsere herzlichsten Grüße und wünschen frohe Festtage.

Auf ein Wiedersehen in alter Frische freut sich Ihr Hugo Habicht.

; $

Liebe(r) Ismael Sciarra!


Am 10.01.19 ist Tag der Phantasie.

Aus diesem Anlass senden wir Ihnen die unsere herzlichsten Grüße und wünschen frohe Festtage.

Auf ein Wiedersehen in alter Frische freut sich Ihr Hugo Habicht.

; $

Liebe(r) Jose Manuel Urman!


Am 10.01.19 ist Tag der Phantasie.

Aus diesem Anlass senden wir Ihnen die unsere herzlichsten Grüße und wünschen frohe Festtage.

Auf ein Wiedersehen in alter Frische freut sich Ihr Hugo Habicht.

; $

Liebe(r) Luis Popp!


Am 10.01.19 ist Tag der Phantasie.

Aus diesem Anlass senden wir Ihnen die unsere herzlichsten Grüße und wünschen frohe Festtage.

Auf ein Wiedersehen in alter Frische freut sich Ihr Hugo Habicht.

; $

Liebe(r) Den Raphaely!


Am 10.01.19 ist Tag der Phantasie.

Aus diesem Anlass senden wir Ihnen die unsere herzlichsten Grüße und wünschen frohe Festtage.

Auf ein Wiedersehen in alter Frische freut sich Ihr Hugo Habicht.

; $

Liebe(r) Alexander Khoo!


Am 10.01.19 ist Tag der Phantasie.

Aus diesem Anlass senden wir Ihnen die unsere herzlichsten Grüße und wünschen frohe Festtage.

Auf ein Wiedersehen in alter Frische freut sich Ihr Hugo Habicht.

; $

Liebe(r) Shelli Baida!


Am 10.01.19 ist Tag der Phantasie.

Aus diesem Anlass senden wir Ihnen die unsere herzlichsten Grüße und wünschen frohe Festtage.

Auf ein Wiedersehen in alter Frische freut sich Ihr Hugo Habicht.

; $

Liebe(r) Sigal Tobias!


Am 10.01.19 ist Tag der Phantasie.

Aus diesem Anlass senden wir Ihnen die unsere herzlichsten Grüße und wünschen frohe Festtage.

Auf ein Wiedersehen in alter Frische freut sich Ihr Hugo Habicht.

; $

Liebe(r) Guy Himuro!


Am 10.01.19 ist Tag der Phantasie.

Aus diesem Anlass senden wir Ihnen die unsere herzlichsten Grüße und wünschen frohe Festtage.

Auf ein Wiedersehen in alter Frische freut sich Ihr Hugo Habicht.

; $

Liebe(r) Karen Colmenares!


Am 10.01.19 ist Tag der Phantasie.

Aus diesem Anlass senden wir Ihnen die unsere herzlichsten Grüße und wünschen frohe Festtage.

Auf ein Wiedersehen in alter Frische freut sich Ihr Hugo Habicht.

; $

Liebe(r) Matthew Weiss!


Am 10.01.19 ist Tag der Phantasie.

Aus diesem Anlass senden wir Ihnen die unsere herzlichsten Grüße und wünschen frohe Festtage.

Auf ein Wiedersehen in alter Frische freut sich Ihr Hugo Habicht.

; $

Liebe(r) Adam Fripp!


Am 10.01.19 ist Tag der Phantasie.

Aus diesem Anlass senden wir Ihnen die unsere herzlichsten Grüße und wünschen frohe Festtage.

Auf ein Wiedersehen in alter Frische freut sich Ihr Hugo Habicht.

; $

Liebe(r) Payam Kaufling!


Am 10.01.19 ist Tag der Phantasie.

Aus diesem Anlass senden wir Ihnen die unsere herzlichsten Grüße und wünschen frohe Festtage.

Auf ein Wiedersehen in alter Frische freut sich Ihr Hugo Habicht.

; $

Liebe(r) Shanta Vollman!


Am 10.01.19 ist Tag der Phantasie.

Aus diesem Anlass senden wir Ihnen die unsere herzlichsten Grüße und wünschen frohe Festtage.

Auf ein Wiedersehen in alter Frische freut sich Ihr Hugo Habicht.

; $

Liebe(r) Kevin Mourgos!


Am 10.01.19 ist Tag der Phantasie.

Aus diesem Anlass senden wir Ihnen die unsere herzlichsten Grüße und wünschen frohe Festtage.

Auf ein Wiedersehen in alter Frische freut sich Ihr Hugo Habicht.

; $

Liebe(r) Julia Nayer!


Am 10.01.19 ist Tag der Phantasie.

Aus diesem Anlass senden wir Ihnen die unsere herzlichsten Grüße und wünschen frohe Festtage.

Auf ein Wiedersehen in alter Frische freut sich Ihr Hugo Habicht.

; $

Liebe(r) Irene Mikkilineni!


Am 10.01.19 ist Tag der Phantasie.

Aus diesem Anlass senden wir Ihnen die unsere herzlichsten Grüße und wünschen frohe Festtage.

Auf ein Wiedersehen in alter Frische freut sich Ihr Hugo Habicht.

; $

Liebe(r) James Landry!


Am 10.01.19 ist Tag der Phantasie.

Aus diesem Anlass senden wir Ihnen die unsere herzlichsten Grüße und wünschen frohe Festtage.

Auf ein Wiedersehen in alter Frische freut sich Ihr Hugo Habicht.

; $

Liebe(r) Steven Markle!


Am 10.01.19 ist Tag der Phantasie.

Aus diesem Anlass senden wir Ihnen die unsere herzlichsten Grüße und wünschen frohe Festtage.

Auf ein Wiedersehen in alter Frische freut sich Ihr Hugo Habicht.

; $

Liebe(r) Laura Bissot!


Am 10.01.19 ist Tag der Phantasie.

Aus diesem Anlass senden wir Ihnen die unsere herzlichsten Grüße und wünschen frohe Festtage.

Auf ein Wiedersehen in alter Frische freut sich Ihr Hugo Habicht.

; $

Liebe(r) Mozhe Atkinson!


Am 10.01.19 ist Tag der Phantasie.

Aus diesem Anlass senden wir Ihnen die unsere herzlichsten Grüße und wünschen frohe Festtage.

Auf ein Wiedersehen in alter Frische freut sich Ihr Hugo Habicht.

; $

Liebe(r) James Marlow!


Am 10.01.19 ist Tag der Phantasie.

Aus diesem Anlass senden wir Ihnen die unsere herzlichsten Grüße und wünschen frohe Festtage.

Auf ein Wiedersehen in alter Frische freut sich Ihr Hugo Habicht.

; $

Liebe(r) TJ Olson!


Am 10.01.19 ist Tag der Phantasie.

Aus diesem Anlass senden wir Ihnen die unsere herzlichsten Grüße und wünschen frohe Festtage.

Auf ein Wiedersehen in alter Frische freut sich Ihr Hugo Habicht.

; $

Liebe(r) Jason Mallin!


Am 10.01.19 ist Tag der Phantasie.

Aus diesem Anlass senden wir Ihnen die unsere herzlichsten Grüße und wünschen frohe Festtage.

Auf ein Wiedersehen in alter Frische freut sich Ihr Hugo Habicht.

; $

Liebe(r) Michael Rogers!


Am 10.01.19 ist Tag der Phantasie.

Aus diesem Anlass senden wir Ihnen die unsere herzlichsten Grüße und wünschen frohe Festtage.

Auf ein Wiedersehen in alter Frische freut sich Ihr Hugo Habicht.

; $

Liebe(r) Ki Gee!


Am 10.01.19 ist Tag der Phantasie.

Aus diesem Anlass senden wir Ihnen die unsere herzlichsten Grüße und wünschen frohe Festtage.

Auf ein Wiedersehen in alter Frische freut sich Ihr Hugo Habicht.

; $

Liebe(r) Hazel Philtanker!


Am 10.01.19 ist Tag der Phantasie.

Aus diesem Anlass senden wir Ihnen die unsere herzlichsten Grüße und wünschen frohe Festtage.

Auf ein Wiedersehen in alter Frische freut sich Ihr Hugo Habicht.

; $

Liebe(r) Renske Ladwig!


Am 10.01.19 ist Tag der Phantasie.

Aus diesem Anlass senden wir Ihnen die unsere herzlichsten Grüße und wünschen frohe Festtage.

Auf ein Wiedersehen in alter Frische freut sich Ihr Hugo Habicht.

; $

Liebe(r) Stephen Stiles!


Am 10.01.19 ist Tag der Phantasie.

Aus diesem Anlass senden wir Ihnen die unsere herzlichsten Grüße und wünschen frohe Festtage.

Auf ein Wiedersehen in alter Frische freut sich Ihr Hugo Habicht.

; $

Liebe(r) John Seo!


Am 10.01.19 ist Tag der Phantasie.

Aus diesem Anlass senden wir Ihnen die unsere herzlichsten Grüße und wünschen frohe Festtage.

Auf ein Wiedersehen in alter Frische freut sich Ihr Hugo Habicht.

; $

Liebe(r) Joshua Patel!


Am 10.01.19 ist Tag der Phantasie.

Aus diesem Anlass senden wir Ihnen die unsere herzlichsten Grüße und wünschen frohe Festtage.

Auf ein Wiedersehen in alter Frische freut sich Ihr Hugo Habicht.

; $

Liebe(r) Trenna Rajs!


Am 10.01.19 ist Tag der Phantasie.

Aus diesem Anlass senden wir Ihnen die unsere herzlichsten Grüße und wünschen frohe Festtage.

Auf ein Wiedersehen in alter Frische freut sich Ihr Hugo Habicht.

; $

Liebe(r) Curtis Davies!


Am 10.01.19 ist Tag der Phantasie.

Aus diesem Anlass senden wir Ihnen die unsere herzlichsten Grüße und wünschen frohe Festtage.

Auf ein Wiedersehen in alter Frische freut sich Ihr Hugo Habicht.

; $

Liebe(r) Randall Matos!


Am 10.01.19 ist Tag der Phantasie.

Aus diesem Anlass senden wir Ihnen die unsere herzlichsten Grüße und wünschen frohe Festtage.

Auf ein Wiedersehen in alter Frische freut sich Ihr Hugo Habicht.

; $

Liebe(r) Peter Vargas!


Am 10.01.19 ist Tag der Phantasie.

Aus diesem Anlass senden wir Ihnen die unsere herzlichsten Grüße und wünschen frohe Festtage.

Auf ein Wiedersehen in alter Frische freut sich Ihr Hugo Habicht.

; $

Liebe(r) John Russell!


Am 10.01.19 ist Tag der Phantasie.

Aus diesem Anlass senden wir Ihnen die unsere herzlichsten Grüße und wünschen frohe Festtage.

Auf ein Wiedersehen in alter Frische freut sich Ihr Hugo Habicht.

; $

Liebe(r) Karen Partners!


Am 10.01.19 ist Tag der Phantasie.

Aus diesem Anlass senden wir Ihnen die unsere herzlichsten Grüße und wünschen frohe Festtage.

Auf ein Wiedersehen in alter Frische freut sich Ihr Hugo Habicht.

; $

Liebe(r) Alberto Errazuriz!


Am 10.01.19 ist Tag der Phantasie.

Aus diesem Anlass senden wir Ihnen die unsere herzlichsten Grüße und wünschen frohe Festtage.

Auf ein Wiedersehen in alter Frische freut sich Ihr Hugo Habicht.

; $

Liebe(r) Gerald Cambrault!


Am 10.01.19 ist Tag der Phantasie.

Aus diesem Anlass senden wir Ihnen die unsere herzlichsten Grüße und wünschen frohe Festtage.

Auf ein Wiedersehen in alter Frische freut sich Ihr Hugo Habicht.

; $

Liebe(r) Eleni Zlotkey!


Am 10.01.19 ist Tag der Phantasie.

Aus diesem Anlass senden wir Ihnen die unsere herzlichsten Grüße und wünschen frohe Festtage.

Auf ein Wiedersehen in alter Frische freut sich Ihr Hugo Habicht.

; $

Liebe(r) Peter Tucker!


Am 10.01.19 ist Tag der Phantasie.

Aus diesem Anlass senden wir Ihnen die unsere herzlichsten Grüße und wünschen frohe Festtage.

Auf ein Wiedersehen in alter Frische freut sich Ihr Hugo Habicht.

; $

Liebe(r) David Bernstein!


Am 10.01.19 ist Tag der Phantasie.

Aus diesem Anlass senden wir Ihnen die unsere herzlichsten Grüße und wünschen frohe Festtage.

Auf ein Wiedersehen in alter Frische freut sich Ihr Hugo Habicht.

; $

Liebe(r) Peter Hall!


Am 10.01.19 ist Tag der Phantasie.

Aus diesem Anlass senden wir Ihnen die unsere herzlichsten Grüße und wünschen frohe Festtage.

Auf ein Wiedersehen in alter Frische freut sich Ihr Hugo Habicht.

; $

Liebe(r) Christopher Olsen!


Am 10.01.19 ist Tag der Phantasie.

Aus diesem Anlass senden wir Ihnen die unsere herzlichsten Grüße und wünschen frohe Festtage.

Auf ein Wiedersehen in alter Frische freut sich Ihr Hugo Habicht.

; $

Liebe(r) Nanette Cambrault!


Am 10.01.19 ist Tag der Phantasie.

Aus diesem Anlass senden wir Ihnen die unsere herzlichsten Grüße und wünschen frohe Festtage.

Auf ein Wiedersehen in alter Frische freut sich Ihr Hugo Habicht.

; $

Liebe(r) Oliver Tuvault!


Am 10.01.19 ist Tag der Phantasie.

Aus diesem Anlass senden wir Ihnen die unsere herzlichsten Grüße und wünschen frohe Festtage.

Auf ein Wiedersehen in alter Frische freut sich Ihr Hugo Habicht.

; $

Liebe(r) Janette King!


Am 10.01.19 ist Tag der Phantasie.

Aus diesem Anlass senden wir Ihnen die unsere herzlichsten Grüße und wünschen frohe Festtage.

Auf ein Wiedersehen in alter Frische freut sich Ihr Hugo Habicht.

; $

Liebe(r) Patrick Sully!


Am 10.01.19 ist Tag der Phantasie.

Aus diesem Anlass senden wir Ihnen die unsere herzlichsten Grüße und wünschen frohe Festtage.

Auf ein Wiedersehen in alter Frische freut sich Ihr Hugo Habicht.

; $

Liebe(r) Allan McEwen!


Am 10.01.19 ist Tag der Phantasie.

Aus diesem Anlass senden wir Ihnen die unsere herzlichsten Grüße und wünschen frohe Festtage.

Auf ein Wiedersehen in alter Frische freut sich Ihr Hugo Habicht.

; $

Liebe(r) Lindsey Smith!


Am 10.01.19 ist Tag der Phantasie.

Aus diesem Anlass senden wir Ihnen die unsere herzlichsten Grüße und wünschen frohe Festtage.

Auf ein Wiedersehen in alter Frische freut sich Ihr Hugo Habicht.

; $

Liebe(r) Louise Doran!


Am 10.01.19 ist Tag der Phantasie.

Aus diesem Anlass senden wir Ihnen die unsere herzlichsten Grüße und wünschen frohe Festtage.

Auf ein Wiedersehen in alter Frische freut sich Ihr Hugo Habicht.

; $

Liebe(r) Sarath Sewall!


Am 10.01.19 ist Tag der Phantasie.

Aus diesem Anlass senden wir Ihnen die unsere herzlichsten Grüße und wünschen frohe Festtage.

Auf ein Wiedersehen in alter Frische freut sich Ihr Hugo Habicht.

; $

Liebe(r) Clara Vishney!


Am 10.01.19 ist Tag der Phantasie.

Aus diesem Anlass senden wir Ihnen die unsere herzlichsten Grüße und wünschen frohe Festtage.

Auf ein Wiedersehen in alter Frische freut sich Ihr Hugo Habicht.

; $

Liebe(r) Danielle Greene!


Am 10.01.19 ist Tag der Phantasie.

Aus diesem Anlass senden wir Ihnen die unsere herzlichsten Grüße und wünschen frohe Festtage.

Auf ein Wiedersehen in alter Frische freut sich Ihr Hugo Habicht.

; $

Liebe(r) Mattea Marvins!


Am 10.01.19 ist Tag der Phantasie.

Aus diesem Anlass senden wir Ihnen die unsere herzlichsten Grüße und wünschen frohe Festtage.

Auf ein Wiedersehen in alter Frische freut sich Ihr Hugo Habicht.

; $

Liebe(r) David Lee!


Am 10.01.19 ist Tag der Phantasie.

Aus diesem Anlass senden wir Ihnen die unsere herzlichsten Grüße und wünschen frohe Festtage.

Auf ein Wiedersehen in alter Frische freut sich Ihr Hugo Habicht.

; $

Liebe(r) Sundar Ande!


Am 10.01.19 ist Tag der Phantasie.

Aus diesem Anlass senden wir Ihnen die unsere herzlichsten Grüße und wünschen frohe Festtage.

Auf ein Wiedersehen in alter Frische freut sich Ihr Hugo Habicht.

; $

Liebe(r) Amit Banda!


Am 10.01.19 ist Tag der Phantasie.

Aus diesem Anlass senden wir Ihnen die unsere herzlichsten Grüße und wünschen frohe Festtage.

Auf ein Wiedersehen in alter Frische freut sich Ihr Hugo Habicht.

; $

Liebe(r) Lisa Ozer!


Am 10.01.19 ist Tag der Phantasie.

Aus diesem Anlass senden wir Ihnen die unsere herzlichsten Grüße und wünschen frohe Festtage.

Auf ein Wiedersehen in alter Frische freut sich Ihr Hugo Habicht.

; $

Liebe(r) Harrison Bloom!


Am 10.01.19 ist Tag der Phantasie.

Aus diesem Anlass senden wir Ihnen die unsere herzlichsten Grüße und wünschen frohe Festtage.

Auf ein Wiedersehen in alter Frische freut sich Ihr Hugo Habicht.

; $

Liebe(r) Tayler Fox!


Am 10.01.19 ist Tag der Phantasie.

Aus diesem Anlass senden wir Ihnen die unsere herzlichsten Grüße und wünschen frohe Festtage.

Auf ein Wiedersehen in alter Frische freut sich Ihr Hugo Habicht.

; $

Liebe(r) William Smith!


Am 10.01.19 ist Tag der Phantasie.

Aus diesem Anlass senden wir Ihnen die unsere herzlichsten Grüße und wünschen frohe Festtage.

Auf ein Wiedersehen in alter Frische freut sich Ihr Hugo Habicht.

; $

Liebe(r) Elizabeth Bates!


Am 10.01.19 ist Tag der Phantasie.

Aus diesem Anlass senden wir Ihnen die unsere herzlichsten Grüße und wünschen frohe Festtage.

Auf ein Wiedersehen in alter Frische freut sich Ihr Hugo Habicht.

; $

Liebe(r) Sundita Kumar!


Am 10.01.19 ist Tag der Phantasie.

Aus diesem Anlass senden wir Ihnen die unsere herzlichsten Grüße und wünschen frohe Festtage.

Auf ein Wiedersehen in alter Frische freut sich Ihr Hugo Habicht.

; $

Liebe(r) Ellen Abel!


Am 10.01.19 ist Tag der Phantasie.

Aus diesem Anlass senden wir Ihnen die unsere herzlichsten Grüße und wünschen frohe Festtage.

Auf ein Wiedersehen in alter Frische freut sich Ihr Hugo Habicht.

; $

Liebe(r) Alyssa Hutton!


Am 10.01.19 ist Tag der Phantasie.

Aus diesem Anlass senden wir Ihnen die unsere herzlichsten Grüße und wünschen frohe Festtage.

Auf ein Wiedersehen in alter Frische freut sich Ihr Hugo Habicht.

; $

Liebe(r) Jonathon Taylor!


Am 10.01.19 ist Tag der Phantasie.

Aus diesem Anlass senden wir Ihnen die unsere herzlichsten Grüße und wünschen frohe Festtage.

Auf ein Wiedersehen in alter Frische freut sich Ihr Hugo Habicht.

; $

Liebe(r) Jack Livingston!


Am 10.01.19 ist Tag der Phantasie.

Aus diesem Anlass senden wir Ihnen die unsere herzlichsten Grüße und wünschen frohe Festtage.

Auf ein Wiedersehen in alter Frische freut sich Ihr Hugo Habicht.

; $

Liebe(r) Kimberely Grant!


Am 10.01.19 ist Tag der Phantasie.

Aus diesem Anlass senden wir Ihnen die unsere herzlichsten Grüße und wünschen frohe Festtage.

Auf ein Wiedersehen in alter Frische freut sich Ihr Hugo Habicht.

; $

Liebe(r) Charles Johnson!


Am 10.01.19 ist Tag der Phantasie.

Aus diesem Anlass senden wir Ihnen die unsere herzlichsten Grüße und wünschen frohe Festtage.

Auf ein Wiedersehen in alter Frische freut sich Ihr Hugo Habicht.

; $

Liebe(r) Winston Taylor!


Am 10.01.19 ist Tag der Phantasie.

Aus diesem Anlass senden wir Ihnen die unsere herzlichsten Grüße und wünschen frohe Festtage.

Auf ein Wiedersehen in alter Frische freut sich Ihr Hugo Habicht.

; $

Liebe(r) Jean Fleaur!


Am 10.01.19 ist Tag der Phantasie.

Aus diesem Anlass senden wir Ihnen die unsere herzlichsten Grüße und wünschen frohe Festtage.

Auf ein Wiedersehen in alter Frische freut sich Ihr Hugo Habicht.

; $

Liebe(r) Martha Sullivan!


Am 10.01.19 ist Tag der Phantasie.

Aus diesem Anlass senden wir Ihnen die unsere herzlichsten Grüße und wünschen frohe Festtage.

Auf ein Wiedersehen in alter Frische freut sich Ihr Hugo Habicht.

; $

Liebe(r) Girard Geoni!


Am 10.01.19 ist Tag der Phantasie.

Aus diesem Anlass senden wir Ihnen die unsere herzlichsten Grüße und wünschen frohe Festtage.

Auf ein Wiedersehen in alter Frische freut sich Ihr Hugo Habicht.

; $

Liebe(r) Nandita Sarchand!


Am 10.01.19 ist Tag der Phantasie.

Aus diesem Anlass senden wir Ihnen die unsere herzlichsten Grüße und wünschen frohe Festtage.

Auf ein Wiedersehen in alter Frische freut sich Ihr Hugo Habicht.

; $

Liebe(r) Alexis Bull!


Am 10.01.19 ist Tag der Phantasie.

Aus diesem Anlass senden wir Ihnen die unsere herzlichsten Grüße und wünschen frohe Festtage.

Auf ein Wiedersehen in alter Frische freut sich Ihr Hugo Habicht.

; $

Liebe(r) Julia Dellinger!


Am 10.01.19 ist Tag der Phantasie.

Aus diesem Anlass senden wir Ihnen die unsere herzlichsten Grüße und wünschen frohe Festtage.

Auf ein Wiedersehen in alter Frische freut sich Ihr Hugo Habicht.

; $

Liebe(r) Anthony Cabrio!


Am 10.01.19 ist Tag der Phantasie.

Aus diesem Anlass senden wir Ihnen die unsere herzlichsten Grüße und wünschen frohe Festtage.

Auf ein Wiedersehen in alter Frische freut sich Ihr Hugo Habicht.

; $

Liebe(r) Kelly Chung!


Am 10.01.19 ist Tag der Phantasie.

Aus diesem Anlass senden wir Ihnen die unsere herzlichsten Grüße und wünschen frohe Festtage.

Auf ein Wiedersehen in alter Frische freut sich Ihr Hugo Habicht.

; $

Liebe(r) Jennifer Dilly!


Am 10.01.19 ist Tag der Phantasie.

Aus diesem Anlass senden wir Ihnen die unsere herzlichsten Grüße und wünschen frohe Festtage.

Auf ein Wiedersehen in alter Frische freut sich Ihr Hugo Habicht.

; $

Liebe(r) Timothy Gates!


Am 10.01.19 ist Tag der Phantasie.

Aus diesem Anlass senden wir Ihnen die unsere herzlichsten Grüße und wünschen frohe Festtage.

Auf ein Wiedersehen in alter Frische freut sich Ihr Hugo Habicht.

; $

Liebe(r) Randall Perkins!


Am 10.01.19 ist Tag der Phantasie.

Aus diesem Anlass senden wir Ihnen die unsere herzlichsten Grüße und wünschen frohe Festtage.

Auf ein Wiedersehen in alter Frische freut sich Ihr Hugo Habicht.

; $

Liebe(r) Sarah Bell!


Am 10.01.19 ist Tag der Phantasie.

Aus diesem Anlass senden wir Ihnen die unsere herzlichsten Grüße und wünschen frohe Festtage.

Auf ein Wiedersehen in alter Frische freut sich Ihr Hugo Habicht.

; $

Liebe(r) Britney Everett!


Am 10.01.19 ist Tag der Phantasie.

Aus diesem Anlass senden wir Ihnen die unsere herzlichsten Grüße und wünschen frohe Festtage.

Auf ein Wiedersehen in alter Frische freut sich Ihr Hugo Habicht.

; $

Liebe(r) Samuel McCain!


Am 10.01.19 ist Tag der Phantasie.

Aus diesem Anlass senden wir Ihnen die unsere herzlichsten Grüße und wünschen frohe Festtage.

Auf ein Wiedersehen in alter Frische freut sich Ihr Hugo Habicht.

; $

Liebe(r) Vance Jones!


Am 10.01.19 ist Tag der Phantasie.

Aus diesem Anlass senden wir Ihnen die unsere herzlichsten Grüße und wünschen frohe Festtage.

Auf ein Wiedersehen in alter Frische freut sich Ihr Hugo Habicht.

; $

Liebe(r) Alana Walsh!


Am 10.01.19 ist Tag der Phantasie.

Aus diesem Anlass senden wir Ihnen die unsere herzlichsten Grüße und wünschen frohe Festtage.

Auf ein Wiedersehen in alter Frische freut sich Ihr Hugo Habicht.

; $

Liebe(r) Kevin Feeney!


Am 10.01.19 ist Tag der Phantasie.

Aus diesem Anlass senden wir Ihnen die unsere herzlichsten Grüße und wünschen frohe Festtage.

Auf ein Wiedersehen in alter Frische freut sich Ihr Hugo Habicht.

; $

Liebe(r) Donald OConnell!


Am 10.01.19 ist Tag der Phantasie.

Aus diesem Anlass senden wir Ihnen die unsere herzlichsten Grüße und wünschen frohe Festtage.

Auf ein Wiedersehen in alter Frische freut sich Ihr Hugo Habicht.

; $

Liebe(r) Douglas Grant!


Am 10.01.19 ist Tag der Phantasie.

Aus diesem Anlass senden wir Ihnen die unsere herzlichsten Grüße und wünschen frohe Festtage.

Auf ein Wiedersehen in alter Frische freut sich Ihr Hugo Habicht.

; $

Liebe(r) Jennifer Whalen!


Am 10.01.19 ist Tag der Phantasie.

Aus diesem Anlass senden wir Ihnen die unsere herzlichsten Grüße und wünschen frohe Festtage.

Auf ein Wiedersehen in alter Frische freut sich Ihr Hugo Habicht.

; $

Liebe(r) Michael Hartstein!


Am 10.01.19 ist Tag der Phantasie.

Aus diesem Anlass senden wir Ihnen die unsere herzlichsten Grüße und wünschen frohe Festtage.

Auf ein Wiedersehen in alter Frische freut sich Ihr Hugo Habicht.

; $

Liebe(r) Pat Fay!


Am 10.01.19 ist Tag der Phantasie.

Aus diesem Anlass senden wir Ihnen die unsere herzlichsten Grüße und wünschen frohe Festtage.

Auf ein Wiedersehen in alter Frische freut sich Ihr Hugo Habicht.

; $

Liebe(r) Susan Mavris!


Am 10.01.19 ist Tag der Phantasie.

Aus diesem Anlass senden wir Ihnen die unsere herzlichsten Grüße und wünschen frohe Festtage.

Auf ein Wiedersehen in alter Frische freut sich Ihr Hugo Habicht.

; $

Liebe(r) Hermann Baer!


Am 10.01.19 ist Tag der Phantasie.

Aus diesem Anlass senden wir Ihnen die unsere herzlichsten Grüße und wünschen frohe Festtage.

Auf ein Wiedersehen in alter Frische freut sich Ihr Hugo Habicht.

; $

Liebe(r) Shelley Higgins!


Am 10.01.19 ist Tag der Phantasie.

Aus diesem Anlass senden wir Ihnen die unsere herzlichsten Grüße und wünschen frohe Festtage.

Auf ein Wiedersehen in alter Frische freut sich Ihr Hugo Habicht.

; $

Liebe(r) William Gietz!


Am 10.01.19 ist Tag der Phantasie.

Aus diesem Anlass senden wir Ihnen die unsere herzlichsten Grüße und wünschen frohe Festtage.

Auf ein Wiedersehen in alter Frische freut sich Ihr Hugo Habicht.

; $

